{"naive_bayes_in_hand": 0.19247368601222933, "naive_bayes_with_tfIdf": 0.045830753008000116, "naive_bayes_word2vac": 0.14448369703181788, "naive_bayes_glove": 0.21065714505971342, "random_forest_tfidf": 0.1601978532054457, "random_forest_word2vec": 0.17076505954331528, "random_forest_glove": 0.13331356714931292, "SVM_tfidf": 0.3266578424152612, "SVM_word2vec": 0.2552120297183989, "SVM_glove": 0.28820526018871345, "LSTM_word2vec": 0.1040756439193718, "LSTM_glove": 0.08620682245527397}